{"stats":{"minecraft:used":{"tombstone:gift":1},"minecraft:custom":{"minecraft:time_since_rest":10926,"minecraft:open_chest":4,"minecraft:play_one_minute":33702,"minecraft:crouch_one_cm":38,"minecraft:sprint_one_cm":28502,"minecraft:damage_taken":905,"minecraft:deaths":3,"minecraft:walk_one_cm":36674,"minecraft:sneak_time":23,"minecraft:drop":4,"minecraft:jump":213,"minecraft:damage_dealt":10,"minecraft:leave_game":30,"minecraft:time_since_death":13325,"minecraft:walk_on_water_one_cm":42,"minecraft:climb_one_cm":380,"minecraft:interact_with_crafting_table":1,"minecraft:fall_one_cm":3700,"minecraft:fly_one_cm":33244},"minecraft:dropped":{"minecraft:beetroot":1,"tombstone:grave_key":2,"minecraft:beetroot_seeds":3},"minecraft:killed_by":{"zombie_extreme:assasin_black_ops":1,"bloodandmadness:beast_patient":1},"minecraft:mined":{"byg:skyris_log":1,"iceandfire:frozen_cobblestone":1},"minecraft:picked_up":{"byg:skyris_log":1,"minecraft:beetroot":1,"minecraft:beetroot_seeds":3,"iceandfire:frozen_cobblestone":1,"minecraft:bread":32}},"DataVersion":2586}