{"stats":{"minecraft:mined":{"tconstruct:copper_ore":34,"minecraft:diamond_ore":1,"iceandfire:silver_ore":2,"byg:skyris_leaves":1,"iceandfire:frozen_cobblestone":78,"minecraft:ladder":7,"minecraft:torch":1,"iceandfire:frozen_stone":81,"minecraft:chest":1,"byg:skyris_log":149,"iceandfire:sapphire_ore":3,"minecraft:cobblestone":3,"minecraft:diorite":10,"minecraft:wall_torch":17,"minecraft:hay_block":27,"byg:scoria_stone":7,"byg:skyris_crafting_table":2,"iceandfire:copper_ore":2,"minecraft:iron_ore":45,"minecraft:wheat":7,"zombie_extreme:ore_steel":3,"minecraft:andesite":4,"minecraft:grass":5,"minecraft:coal_ore":279,"minecraft:beetroots":25,"minecraft:gravel":22,"minecraft:dirt":7,"minecraft:stone":575,"minecraft:gold_ore":2},"minecraft:broken":{"minecraft:stone_pickaxe":7},"minecraft:killed":{"zombie_extreme:infected_hazmat":1},"minecraft:used":{"minecraft:beetroot":13,"byg:skyris_crafting_table":2,"minecraft:stone_pickaxe":926,"minecraft:ladder":139,"minecraft:chest":25,"minecraft:wooden_pickaxe":41,"minecraft:torch":208,"iceandfire:frozen_stone":2,"byg:skyris_door":2,"minecraft:grass_block":25,"minecraft:bread":4,"minecraft:iron_pickaxe":116,"minecraft:stone_axe":10,"byg:skyris_log":128,"minecraft:cobblestone":145,"minecraft:furnace":16,"byg:green_apple":6,"tombstone:gift":28,"iceandfire:frozen_cobblestone":4},"minecraft:custom":{"minecraft:interact_with_furnace":34,"minecraft:mob_kills":1,"minecraft:interact_with_crafting_table":21,"minecraft:play_one_minute":172303,"minecraft:bell_ring":1,"minecraft:leave_game":8,"minecraft:time_since_death":131007,"minecraft:climb_one_cm":48935,"minecraft:time_since_rest":130629,"minecraft:sprint_one_cm":243236,"minecraft:damage_taken":1843,"minecraft:walk_one_cm":237951,"minecraft:drop":18,"minecraft:damage_dealt":275,"minecraft:fly_one_cm":133667,"minecraft:open_chest":58,"minecraft:crouch_one_cm":17267,"minecraft:deaths":5,"minecraft:sneak_time":8903,"minecraft:walk_under_water_one_cm":242,"minecraft:jump":690,"minecraft:walk_on_water_one_cm":4182,"minecraft:fall_one_cm":8834},"minecraft:dropped":{"bloodandmadness:blood_stone_chunk":1,"minecraft:bread":64,"minecraft:wheat_seeds":21,"tombstone:gift":1,"minecraft:beetroot":1,"minecraft:rotten_flesh":1,"iceandfire:frozen_stone":1,"bloodandmadness:twin_blood_stone_shards":3,"zombie_extreme:green_apple":1,"minecraft:stick":1,"minecraft:beetroot_seeds":3,"bloodandmadness:coldblood_dew":2,"bloodandmadness:blood_stone_shard":1,"minecraft:wooden_pickaxe":1},"minecraft:crafted":{"iceandfire:copper_ingot":2,"byg:skyris_door":3,"iceandfire:silver_ingot":2,"minecraft:wooden_pickaxe":1,"zombie_extreme:ignotsteel":2,"minecraft:furnace":16,"minecraft:stone_axe":4,"minecraft:bread":83,"minecraft:air":0,"byg:skyris_planks":556,"tconstruct:copper_ingot":34,"minecraft:ladder":225,"minecraft:stick":708,"minecraft:iron_ingot":45,"minecraft:iron_pickaxe":3,"minecraft:stone_pickaxe":7,"minecraft:chest":24,"minecraft:gold_ingot":2,"minecraft:torch":192,"minecraft:wheat":243},"minecraft:picked_up":{"iceandfire:sapphire_gem":3,"minecraft:wheat":7,"bloodandmadness:twin_blood_stone_shards":3,"minecraft:ladder":7,"iceandfire:copper_ore":2,"minecraft:andesite":4,"majruszs_accessories:lucky_rock":1,"minecraft:flint":3,"iceandfire:frozen_cobblestone":77,"iceandfire:frozen_stone":77,"minecraft:dirt":7,"zombie_extreme:raw_steel":3,"minecraft:bone":1,"byg:scoria_cobblestone":7,"minecraft:beetroot":14,"minecraft:wheat_seeds":21,"minecraft:gold_nugget":11,"byg:skyris_sapling":31,"minecraft:iron_ore":45,"minecraft:chest":1,"minecraft:stick":19,"tconstruct:copper_ore":34,"minecraft:torch":20,"iceandfire:silver_ore":2,"minecraft:gravel":19,"byg:green_apple":110,"minecraft:diorite":10,"minecraft:redstone":7,"minecraft:gold_ore":2,"byg:skyris_log":139,"zombie_extreme:green_apple":1,"bloodandmadness:blood_stone_chunk":1,"bloodandmadness:coldblood_dew":8,"byg:skyris_crafting_table":2,"minecraft:diamond":1,"minecraft:beetroot_seeds":48,"minecraft:hay_block":27,"minecraft:bread":32,"bloodandmadness:blood_stone_shard":1,"minecraft:coal":276,"minecraft:cobblestone":577},"minecraft:killed_by":{"zombie_extreme:infected_military":1,"minecraft:iron_golem":1,"zombie_extreme:chainsaw":1,"zombie_extreme:bomber":1}},"DataVersion":2586}